{
    "pageSize": 10,
    "request": {
        "type": "GET",
        "api": "/api/getAllPaidEvents",
        "parameters": [],
        "fields": "",
        "root": ""
    },
    "paging": {
        "enable": true,
        "settings": {
            "pageSize": 10
        }
    },
    "sorting": {
        "enable": true
    },
    "grouping": {
        "enable": true,
        "group": []
    },
    "filtering": {
        "enable": false
    },
    "customGrouping": false,
    "allowResizing": true,
    "reorderable": true,
    "selectable": true,
    "scrollable": false,
    "hideable": true,
    "refresh": false,
    "reset": true,
    "contextMenuItems": [
        "AutoFit",
        "AutoFitAll",
        "SortAscending",
        "SortDescending",
        "Copy",
        "Edit",
        "Delete",
        "Save",
        "Cancel",
        "FirstPage",
        "PrevPage",
        "LastPage",
        "NextPage",
        "Group",
        "Ungroup"
    ],
    "toolbar": [
        "Edit",
        "Delete",
        "Print",
        "Search"
    ],
    "editSettings": {
        "allowEditing": true,
        "allowAdding": false,
        "allowDeleting": true,
        "showDeleteConfirmDialog": true,
        "mode": "Dialog"
    },
    "editSettingsRequest": {
        "add": {
            "type": "POST",
            "api": "/api/createPaidEvents",
            "parameters": [],
            "fields": "",
            "root": ""
        },
        "edit": {
            "type": "POST",
            "api": "/api/updatePaidEvent",
            "parameters": [],
            "fields": "",
            "root": ""
        },
        "delete": {
            "type": "POST",
            "api": "/api/deletePaidEvent",
            "parameters": [],
            "fields": "",
            "root": ""
        }
    },
    "columns": [
        {
            "title": "ID",
            "width": 70,
            "filterable": true,
            "filter": "date",
            "type": "number",
            "class": "text-align-right",
            "field": "id",
            "isPrimaryKey": true,
            "allowEditing": false
        },
        {
            "title": "Start date",
            "filterable": true,
            "type": "date",
            "format": "dd.MM.yyyy",
            "class": "text-align-right",
            "field": "start_date",
            "validation": {
                "required": true
            }
        },
        {
            "title": "Ads name",
            "filterable": true,
            "type": "string",
            "class": "text-align-right",
            "field": "event_name",
            "validation": {
                "required": true
            }
        },
        {
            "title": "City",
            "filterable": true,
            "type": "string",
            "class": "text-align-right",
            "field": "city_name",
            "validation": {
                "required": true
            }
        },
        {
            "title": "Active",
            "template": {
                "choices": [
                    {
                        "field": "active",
                        "value": 0,
                        "operator": "==",
                        "html": "<span class='e-badge e-badge-danger'>Inactive</span>"
                    },
                    {
                        "field": "active",
                        "value": 1,
                        "operator": "==",
                        "html": "<span class='e-badge e-badge-success'>Active</span>"
                    },
                    {
                        "field": "active",
                        "value": -1,
                        "operator": "==",
                        "html": "<span class='e-badge e-badge-warning'>Deny</span>"
                    }
                ]
            },
            "field": "active"
        },
        {
            "title": "",
            "filterable": true,
            "type": "string",
            "class": "text-align-right",
            "template": {
                "type": "button",
                "action": "previewAd",
                "field": "filename",
                "class": "btn btn-none btn-color-default button-text-center button-action text-center",
                "classIcon": "visibility"
            }
        }
    ],
    "config": [
        {
            "type": "textbox",
            "width": "col-md-12 hide",
            "class": "e-outline",
            "name": "id",
            "title": "ID",
            "field": "id",
            "readonly": true,
            "hide": true
        },
        {
            "type": "switch",
            "width": "col-md-12 mt-4",
            "class": "e-outline",
            "name": "active",
            "title": "Active",
            "field": "active"
        },
        {
            "type": "button",
            "width": "col-md-12",
            "class": "e-info button-action",
            "name": "submit",
            "title": "Save",
            "field": "submit",
            "positionClass": "position-end mt-3 col-md-12"
        }
    ]
}