{
    "selectState": "Ort auswählen",
    "placedFixedAd": "Werbung platzieren",
    "noFoundDataForSelectedCity": "Bei dieser Auswahl sind keine Veranstaltungen vorhanden!",
    "login": "Login",
    "loginButton": "Login",
    "createAccount": "Account anlegen",
    "forgotPassword": "Passwort vergessen?",
    "register": "Registrieren",
    "yourName": "Dein Name",
    "email": "E-Mail",
    "password": "Passwort",
    "sentForReset": "Passwort zurücksetzen",
    "noHaveAccount": "Sie haben noch keinen Account angelegt?",
    "createYourAccountText": "Jetzt einen neuen Account anlegen!",
    "alreadyHaveAccount": "Bei bestehendem Account anmelden?",
    "loginText": "Einloggen um auf Ihren Account zuzugreifen!",
    "signIn": "Einloggen",
    "createNewAdDraft": "Werbe-Vorlage erstellen",
    "createNewEventDraft": "Event-Vorlage erstellen",
    "createNewPaidAd": "Neue Werbe-Kampagne starten",
    "createNewPaidEvent": "Neuen Event anlegen",
    "noHaveYetPaidStaff": "You don't have yet paid staff!",
    "noHaveAdYet": "Sie haben keine Werbe-Vorlagen!",
    "createNewOneAd": "Erstellen Sie einfach eine!",
    "nameOfCompany": "Firmenname",
    "address": "Adresse",
    "mapLink": "Positions-Link von Google Maps",
    "phone": "Telefon",
    "dateAndTime": "Datum und Zeit",
    "submitAndPay": "Bestätigen und mit Zahlung fortsetzen",
    "description": "Beschreibung",
    "uploadCoverImage": "Bilddatei hinaufladen (Verhältnis: 720 x 448)",
    "uploadCoverImageButton": "Bilddatei hinaufladen und speichern",
    "editAd": "Änderungen speichern",
    "myDetails": "My details",
    "changePassword": "Passwort ändern",
    "id": "ID",
    "firstname": "Dein Name",
    "mobile": "Mobiltelefon",
    "zip_code": "Postleitzahl",
    "city": "Ort / Stadt",
    "numberOfWeeks": "Anzahl der Wochen",
    "active": "Aktiv",
    "is_club": "Ist ein Verein bzw. Veranstalter",
    "name": "Name",
    "district": "Bezirk",
    "additionalInformation": "Zusätzliche Information",
    "buyer": "Auftraggeber",
    "startDate": "Start Datum",
    "expiredDate": "End Datum",
    "comment": "Bemerkung",
    "price": "Preis",
    "start_date": "Start Datum",
    "ads_name": "Werbung Bezeichnung",
    "position": "Position",
    "options": "Option",
    "edit": "Bearbeiten",
    "promotion": "Werbung erneuern",
    "settings": "Einstellungen",
    "logout": "Ausloggen",
    "gridPopupAddTitle": "Neuen Eintrag hinzufügen",
    "gridPopupEditTitle": "eintrag bearbeiten",
    "contactUs": "Anrufen",
    "sendMail": "E-Mail",
    "seeLocationOnMap": "Maps",
    "showMode": "Mehr anzeigen",
    "payForAds": "Bezahlen",
    "approveAd": "Werbung bestätigen",
    "denyAd": "Werbung ablehnen",
    "denyAdInfo": "This ad is deny!",
    "toastrSuccessExecutedActionText": "Die Änderung wurde erfolgreich durchgeführt",
    "toastrSuccessExecutedActionTitle": "",
    "toastrInfoExecutedActionText": "Die Änderung wurde erfolgreich durchgeführt",
    "toastrInfoExecutedActionTitle": "",
    "toastrErrorExecutedActionText": "Die Änderung wurde nicht erfolgreich durchgeführt",
    "toastrErrorExecutedActionTitle": "",
    "toastrWarningExecutedActionTitle": "Die Änderung wurde nicht erfolgreich durchgeführt",
    "toastrWarningExecutedActionText": "",
    "noDataFound": "Für diese Auswahl sind keine Daten vorhanden!",
    "cardInformation": "Kreditkarten information",
    "successfullyPaidAd": "Ihre Zahlung war erfolgreich. Eine Bestätigung erfolgt in Kürze per E-Mail",
    "price_per_week": "Preis pro Woche",
    "sum": "Summe",
    "total": "Gesamt",
    "invoiceTitle": "Rechnung",
    "invoiceOrder": "Auftrag",
    "invoiceCompanyInformation": "CityInfo - FirmenInfo",
    "invoiceCompanyName": "BCI GmbH (FN 556543x)",
    "invoiceCompanyAddress": "Tachlau 7",
    "invoiceCompanyZipCode": "4655",
    "invoiceCompanyCity": "Vorchdorf",
    "invoiceCompanyUID": "UID-Nr.",
    "invoiceCompanyUIDNumber": "ATU77455567",
    "invoiceBuyer": "Auftraggeber",
    "clubRegistrationTitle": "Ich möchte einen Accoult als Verein bzw. Veranstalter anlegen und die gratis Services nutzen (die Freigabe des Accounts erfolgt durch den Administrator)",
    "nameOfEvent": "Event Zeile 1",
    "optional": "Optional",
    "ad": "Gesponsert",
    "event": "Event",
    "adTitle": "Das ist eine Werbung!",
    "eventTitle": "Das ist eine Veranstaltung!",
    "recoveryTitle": "Passwort zurücksetzen",
    "recoveryText": "Zurücksetzen Ihres Passworts",
    "recoveryPassword": "Neues Passwort eingeben",
    "recoveryRepeatPassword": "Passwort wiederholen",
    "recoveryRecoveryPassword": "Passwort zurücksetzen",
    "passwordIsNotSame": "Passwörter sind nicht gleich!",
    "passwordIsChanged": "Passwort wurde geändert!",
    "incorectMailOrPassword": "E-Mail oder Passwort sind nicht korrekt oder die E-Mail Addresse wurde noch nicht verifiziert!",
    "sendLinkForRecoveryPasswordOnMail": "Bitte überprüfen Sie Ihre E-Mails und klicken Sie auf den Link, um das Passwort zurückzusetzen!!",
    "successfulyCreatedAccount": "Account wurde erfolgreich angelegt. Sie erhalten ein E-Mail um Ihre E-Mail Addresse zu bestätigen!",
    "mailExists": "Diese E-Mail Addresse existiert bereits! Verwenden Sie eine andere E-Mail Adresse!",
    "noContactInformationAvailable": "Keine Kontaktinformation vorhanden!",
    "noDescriptionInformationAvailable": "Keine Beschreibung vorhanden!",
    "successfulyExecuteAction": "Aktion erfolgreich ausgeführt!",
    "errorExecuteAction": "Es ist ein Problem aufgetreten!",
    "increaseTheVisibilityTitle": "Erhöhen Sie die Sichtbarkeit Ihrer Veranstaltung",
    "increaseTheVisibilityText": "Geben Sie ein Datum und die Anzahl der Wochen ein, ab wann Ihre Werbung Top-Platziert sein soll.",
    "footerImpressum": "Impressum",
    "footerPrivacyPolicy": "Datenschutzbestimmungen",
    "footerTerms": "ABGs",
    "and": "und",
    "agreeText": "Mit der Registrierung akzeptiere ich die",
    "needToAcceptTermsAndPrivacy": "Mit der Registrierung müssen Sie die ABGs und die Datenschutzbestimmungen akzeptieren!",
    "cookieTitle": "THIS WEBSITE USES COOKIES",
    "cookieMessage": "We use cookies to personalise content and ads, to provide social media features and to analyse our traffic. We also share information about your use of our site with our social media, advertising and analytics partners who may combine it with other information that you’ve provided to them or that they’ve collected from your use of their services. You consent to our cookies if you continue to use our website.",
    "acceptCookieButton": "Accept cookie"
}