{
    "pageSize": 10,
    "request": {
        "type": "GET",
        "api": "/api/getAllPlaces",
        "parameters": [],
        "fields": "",
        "root": ""
    },
    "paging": {
        "enable": true,
        "settings": {
            "pageSize": 10
        }
    },
    "sorting": {
        "enable": true
    },
    "grouping": {
        "enable": true,
        "group": []
    },
    "filtering": {
        "enable": false
    },
    "customGrouping": false,
    "allowResizing": true,
    "reorderable": true,
    "selectable": true,
    "scrollable": false,
    "hideable": true,
    "refresh": false,
    "reset": true,
    "contextMenuItems": [
        "AutoFit",
        "AutoFitAll",
        "SortAscending",
        "SortDescending",
        "Copy",
        "Edit",
        "Delete",
        "Save",
        "Cancel",
        "FirstPage",
        "PrevPage",
        "LastPage",
        "NextPage",
        "Group",
        "Ungroup"
    ],
    "toolbar": [
        "Edit",
        "Delete",
        "Print",
        "Search"
    ],
    "editSettings": {
        "allowEditing": true,
        "allowAdding": false,
        "allowDeleting": true,
        "showDeleteConfirmDialog": true,
        "mode": "Dialog"
    },
    "editSettingsRequest": {
        "edit": {
            "type": "POST",
            "api": "/api/updatePlace",
            "parameters": [],
            "fields": "",
            "root": ""
        },
        "delete": {
            "type": "POST",
            "api": "/api/deletePlace",
            "parameters": [],
            "fields": "",
            "root": ""
        }
    },
    "columns": [
        {
            "title": "id",
            "width": 70,
            "filterable": true,
            "filter": "date",
            "type": "number",
            "class": "text-align-right",
            "field": "id",
            "isPrimaryKey": true,
            "allowEditing": false
        },
        {
            "title": "name",
            "filterable": true,
            "type": "string",
            "class": "text-align-right",
            "field": "name",
            "validation": {
                "required": true
            }
        },
        {
            "title": "city",
            "filterable": true,
            "type": "string",
            "class": "text-align-right",
            "field": "city_name",
            "validation": {
                "required": true
            }
        },
        {
            "title": "mapLink",
            "filterable": true,
            "type": "string",
            "class": "text-align-right",
            "field": "map_link",
            "validation": {
                "required": true
            }
        },
        {
            "title": "phone",
            "filterable": true,
            "type": "string",
            "class": "text-align-right",
            "field": "phone",
            "validation": {
                "required": true
            }
        },
        {
            "title": "email",
            "filterable": true,
            "type": "string",
            "class": "text-align-right",
            "field": "email",
            "validation": {
                "required": true
            }
        },
        {
            "title": "description",
            "filterable": true,
            "type": "string",
            "class": "text-align-right",
            "field": "description",
            "validation": {
                "required": true
            }
        },
        {
            "title": "active",
            "template": {
                "choices": [
                    {
                        "field": "active",
                        "value": 0,
                        "operator": "==",
                        "html": "<span class='e-badge e-badge-danger'>Inactive</span>"
                    },
                    {
                        "field": "active",
                        "value": 1,
                        "operator": "==",
                        "html": "<span class='e-badge e-badge-success'>Active</span>"
                    },
                    {
                        "field": "active",
                        "value": -1,
                        "operator": "==",
                        "html": "<span class='e-badge e-badge-warning'>Deny</span>"
                    }
                ]
            },
            "field": "active"
        },
        {
            "title": "firstname",
            "filterable": true,
            "type": "string",
            "class": "text-align-right",
            "field": "firstname",
            "validation": {
                "required": true
            }
        },
        {
            "title": "lastname",
            "filterable": true,
            "type": "string",
            "class": "text-align-right",
            "field": "lastname",
            "validation": {
                "required": true
            }
        },
        {
            "title": "clientEmail",
            "filterable": true,
            "type": "string",
            "class": "text-align-right",
            "field": "client_email",
            "validation": {
                "required": true
            }
        },
        {
            "title": "clientPhone",
            "filterable": true,
            "type": "string",
            "class": "text-align-right",
            "field": "client_phone",
            "validation": {
                "required": true
            }
        },
        {
            "title": "clientMobile",
            "filterable": true,
            "type": "string",
            "class": "text-align-right",
            "field": "client_mobile",
            "validation": {
                "required": true
            }
        }
    ],
    "config": [
        {
            "type": "textbox",
            "width": "col-md-12 hide",
            "class": "e-outline",
            "name": "id",
            "title": "id",
            "field": "id",
            "readonly": true,
            "hide": true
        },
        {
            "type": "combobox",
            "width": "col-md-12",
            "class": "e-outline",
            "name": "id_user",
            "title": "userForPlace",
            "field": {
                "text": "email",
                "value": "id"
            },
            "request": {
                "type": "GET",
                "api": "/api/getUsers",
                "parameters": [],
                "fields": "",
                "root": ""
            },
            "placeholder": "selectUserForPlace",
            "fieldConfig": {
                "ignoreAccent": false,
                "filter": true
            },
            "required": true
        },
        {
            "type": "textbox",
            "width": "col-md-12 hide",
            "class": "e-outline",
            "name": "name",
            "title": "nameForPlace",
            "field": "name"
        },
        {
            "type": "combobox",
            "width": "col-md-12",
            "class": "e-outline",
            "name": "city",
            "title": "cityForPlace",
            "field": {
                "text": "name",
                "value": "id"
            },
            "request": {
                "type": "GET",
                "api": "/api/getCities",
                "parameters": [],
                "fields": "",
                "root": ""
            },
            "placeholder": "selectNameOfCityForPlace",
            "fieldConfig": {
                "ignoreAccent": false,
                "filter": true
            },
            "required": true
        },
        {
            "type": "textbox",
            "width": "col-md-12",
            "class": "e-outline",
            "name": "map_link",
            "title": "mapLinkForPlaces",
            "field": "map_link"
        },
        {
            "type": "textbox",
            "width": "col-md-12",
            "class": "e-outline",
            "name": "phone",
            "title": "phoneForPlace",
            "field": "phone"
        },
        {
            "type": "textbox",
            "width": "col-md-12",
            "class": "e-outline",
            "name": "email",
            "title": "emailForPlace",
            "field": "email"
        },
        {
            "type": "textbox",
            "width": "col-md-12",
            "class": "e-outline",
            "name": "description",
            "title": "descriptionForPlace",
            "field": "description"
        },
        {
            "type": "textbox",
            "width": "col-md-12",
            "class": "e-outline",
            "name": "type",
            "title": "typeForPlace",
            "field": "type",
            "hide": true
        },
        {
            "type": "switch",
            "width": "col-md-12 mt-4",
            "class": "e-outline",
            "name": "active",
            "title": "activeForPlace",
            "field": "active"
        },
        {
            "type": "button",
            "width": "col-md-12",
            "class": "e-info button-action",
            "name": "submit",
            "title": "savePlace",
            "field": "submit",
            "positionClass": "position-end mt-3 col-md-12"
        }
    ]
}