{
  "pageSize": 10,
  "request": {
    "type": "GET",
    "api": "/api/getCities",
    "parameters": [],
    "fields": "",
    "root": ""
  },
  "paging": {
    "enable": true,
    "settings": {
      "pageSize": 10
    }
  },
  "sorting": {
    "enable": true
  },
  "grouping": {
    "enable": true,
    "group": []
  },
  "filtering": {
    "enable": false
  },
  "customGrouping": false,
  "allowResizing": true,
  "reorderable": true,
  "selectable": true,
  "scrollable": false,
  "hideable": true,
  "refresh": false,
  "reset": true,
  "contextMenuItems": [
    "AutoFit",
    "AutoFitAll",
    "SortAscending",
    "SortDescending",
    "Copy",
    "Edit",
    "Delete",
    "Save",
    "Cancel",
    "FirstPage",
    "PrevPage",
    "LastPage",
    "NextPage",
    "Group",
    "Ungroup"
  ],
  "toolbar": [
    "Add",
    "Edit",
    "Delete",
    "Print",
    "Search"
  ],
  "editSettings": {
    "allowEditing": true,
    "allowAdding": true,
    "allowDeleting": true,
    "showDeleteConfirmDialog": true,
    "mode": "Dialog"
  },
  "editSettingsRequest": {
    "add": {
      "type": "POST",
      "api": "/api/createCity",
      "parameters": [],
      "fields": "",
      "root": ""
    },
    "edit": {
      "type": "POST",
      "api": "/api/updateCity",
      "parameters": [],
      "fields": "",
      "root": ""
    },
    "delete": {
      "type": "POST",
      "api": "/api/deleteCity",
      "parameters": [],
      "fields": "",
      "root": ""
    }
  },
  "columns": [
    {
      "title": "id",
      "width": 70,
      "filterable": true,
      "filter": "date",
      "type": "number",
      "class": "text-align-right",
      "field": "id",
      "isPrimaryKey": true,
      "allowEditing": false
    },
    {
      "title": "name",
      "filterable": true,
      "type": "string",
      "class": "text-align-right",
      "field": "name",
      "validation": {
        "required": true
      }
    },
    {
      "title": "district",
      "filterable": true,
      "type": "string",
      "class": "text-align-right",
      "field": "district",
      "validation": {
        "required": true
      }
    },
    {
      "title": "region",
      "filterable": true,
      "type": "string",
      "class": "text-align-right",
      "field": "region",
      "validation": {
        "required": true
      }
    },
    {
      "title": "lat",
      "filterable": true,
      "type": "string",
      "class": "text-align-right",
      "field": "lat",
      "validation": {
        "required": true
      }
    },
    {
      "title": "lng",
      "filterable": true,
      "type": "string",
      "class": "text-align-right",
      "field": "lng",
      "validation": {
        "required": true
      }
    },
    {
      "title": "zip_code",
      "filterable": true,
      "type": "string",
      "class": "text-align-right",
      "field": "zip_code",
      "validation": {
        "required": true
      }
    }
  ],
  "config": [
    {
      "type": "textbox",
      "width": "col-md-12 hide",
      "class": "e-outline",
      "name": "id",
      "title": "id",
      "field": "id",
      "readonly": true,
      "hide": true
    },
    {
      "type": "textbox",
      "width": "col-md-12",
      "class": "e-outline",
      "name": "name",
      "title": "name",
      "field": "name"
    },
    {
      "type": "textbox",
      "width": "col-md-12",
      "class": "e-outline",
      "name": "district",
      "title": "district",
      "field": "district"
    },
    {
      "type": "textbox",
      "width": "col-md-12",
      "class": "e-outline",
      "name": "region",
      "title": "region",
      "field": "region"
    },
    {
      "type": "textbox",
      "width": "col-md-12",
      "class": "e-outline",
      "name": "lat",
      "title": "lat",
      "field": "lat"
    },
    {
      "type": "textbox",
      "width": "col-md-12",
      "class": "e-outline",
      "name": "lng",
      "title": "lng",
      "field": "lat"
    },
    {
      "type": "textbox",
      "width": "col-md-12",
      "class": "e-outline",
      "name": "zip_code",
      "title": "zip_code",
      "field": "zip_code"
    },
    {
      "type": "button",
      "width": "col-md-12",
      "class": "e-info button-action",
      "name": "submit",
      "title": "save",
      "field": "submit",
      "positionClass": "position-end mt-3 col-md-12"
    }
  ]
}