{
    "pageSize": 10,
    "request": {
        "type": "GET",
        "api": "/api/getDistricts",
        "parameters": [],
        "fields": "",
        "root": ""
    },
    "paging": {
        "enable": true,
        "settings": {
            "pageSize": 10
        }
    },
    "sorting": {
        "enable": true
    },
    "grouping": {
        "enable": true,
        "group": []
    },
    "filtering": {
        "enable": false
    },
    "customGrouping": false,
    "allowResizing": true,
    "reorderable": true,
    "selectable": true,
    "scrollable": false,
    "hideable": true,
    "refresh": false,
    "reset": true,
    "contextMenuItems": [
        "AutoFit",
        "AutoFitAll",
        "SortAscending",
        "SortDescending",
        "Copy",
        "Edit",
        "Delete",
        "Save",
        "Cancel",
        "FirstPage",
        "PrevPage",
        "LastPage",
        "NextPage",
        "Group",
        "Ungroup"
    ],
    "toolbar": [
        "Add",
        "Edit",
        "Delete",
        "Print",
        "Search"
    ],
    "editSettings": {
        "allowEditing": true,
        "allowAdding": true,
        "allowDeleting": true,
        "showDeleteConfirmDialog": true,
        "mode": "Dialog"
    },
    "editSettingsRequest": {
        "add": {
            "type": "POST",
            "api": "/api/createDistrict",
            "parameters": [],
            "fields": "",
            "root": ""
        },
        "edit": {
            "type": "POST",
            "api": "/api/updateDistrict",
            "parameters": [],
            "fields": "",
            "root": ""
        },
        "delete": {
            "type": "POST",
            "api": "/api/deleteDistrict",
            "parameters": [],
            "fields": "",
            "root": ""
        }
    },
    "columns": [
        {
            "title": "id",
            "width": 70,
            "filterable": true,
            "filter": "date",
            "type": "number",
            "class": "text-align-right",
            "field": "id",
            "isPrimaryKey": true,
            "allowEditing": false
        },
        {
            "title": "name",
            "filterable": true,
            "type": "string",
            "class": "text-align-right",
            "field": "name",
            "validation": {
                "required": true
            }
        }
    ],
    "config": [
        {
            "type": "textbox",
            "width": "col-md-12 hide",
            "class": "e-outline",
            "name": "id",
            "title": "ID",
            "field": "id",
            "readonly": true,
            "hide": true
        },
        {
            "type": "textbox",
            "width": "col-md-12",
            "class": "e-outline",
            "name": "name",
            "title": "name",
            "field": "name"
        },
        {
            "type": "button",
            "width": "col-md-12",
            "class": "e-info button-action",
            "name": "submit",
            "title": "save",
            "field": "submit",
            "positionClass": "position-end mt-3 col-md-12"
        }
    ]
}