{
  "pageSize": 10,
  "request": {
    "type": "GET",
    "api": "/api/getPositionPrices",
    "parameters": [],
    "fields": "",
    "root": ""
  },
  "paging": {
    "enable": true,
    "settings": {
      "pageSize": 10
    }
  },
  "sorting": {
    "enable": true
  },
  "grouping": {
    "enable": true,
    "group": []
  },
  "filtering": {
    "enable": false
  },
  "customGrouping": false,
  "allowResizing": true,
  "reorderable": true,
  "selectable": true,
  "scrollable": false,
  "hideable": true,
  "refresh": false,
  "reset": true,
  "contextMenuItems": [
    "AutoFit",
    "AutoFitAll",
    "SortAscending",
    "SortDescending",
    "Copy",
    "Edit",
    "Delete",
    "Save",
    "Cancel",
    "FirstPage",
    "PrevPage",
    "LastPage",
    "NextPage",
    "Group",
    "Ungroup"
  ],
  "toolbar": [
    "Add",
    "Edit",
    "Delete",
    "Print",
    "Search"
  ],
  "editSettings": {
    "allowEditing": true,
    "allowAdding": true,
    "allowDeleting": true,
    "showDeleteConfirmDialog": true,
    "mode": "Dialog"
  },
  "editSettingsRequest": {
    "add": {
      "type": "POST",
      "api": "/api/createPositionPrice",
      "parameters": [],
      "fields": "",
      "root": ""
    },
    "edit": {
      "type": "POST",
      "api": "/api/updatePositionPrice",
      "parameters": [],
      "fields": "",
      "root": ""
    },
    "delete": {
      "type": "POST",
      "api": "/api/deletePositionPrice",
      "parameters": [],
      "fields": "",
      "root": ""
    }
  },
  "columns": [
    {
      "title": "id",
      "width": 70,
      "filterable": true,
      "filter": "date",
      "type": "number",
      "class": "text-align-right",
      "field": "id",
      "isPrimaryKey": true,
      "allowEditing": false
    },
    {
      "title": "name",
      "filterable": true,
      "type": "string",
      "class": "text-align-right",
      "field": "name",
      "validation": {
        "required": true
      }
    },
    {
      "title": "comment",
      "filterable": true,
      "type": "string",
      "class": "text-align-right",
      "field": "comment",
      "validation": {
        "required": true
      }
    },
    {
      "title": "price",
      "filterable": true,
      "type": "string",
      "class": "text-align-right",
      "field": "price",
      "validation": {
        "required": true
      }
    }
  ],
  "config": [
    {
      "type": "textbox",
      "width": "col-md-12 hide",
      "class": "e-outline",
      "name": "id",
      "title": "id",
      "field": "id",
      "readonly": true,
      "hide": true
    },
    {
      "type": "textbox",
      "width": "col-md-12",
      "class": "e-outline",
      "name": "name",
      "title": "name",
      "field": "name"
    },
    {
      "type": "textbox",
      "width": "col-md-12",
      "class": "e-outline",
      "multiline": true,
      "name": "comment",
      "title": "comment",
      "field": "comment"
    },
    {
      "type": "numeric",
      "width": "col-md-12",
      "class": "e-outline",
      "name": "price",
      "title": "price",
      "field": "price"
    },
    {
      "type": "button",
      "width": "col-md-12",
      "class": "e-info button-action",
      "name": "submit",
      "title": "save",
      "field": "submit",
      "positionClass": "position-end mt-3 col-md-12"
    }
  ]
}