{
    "class": "margin-auto width-60",
    "actionButtons": {
        "class": "text-right p-3",
        "simpleButtons": [],
        "dropDownButtons": {
            "content": "options",
            "items": [
                {
                    "text": "edit",
                    "id": "edit",
                    "iconCss": "ddb-icons e-edit"
                }
            ]
        },
        "splitButtons": {
            "content": "",
            "items": []
        }
    },
    "request": {
        "type": "GET",
        "api": "/api/getMe/",
        "url": [],
        "parameters": [],
        "fields": "",
        "root": ""
    },
    "editSettingsRequest": {
        "add": {
            "type": "POST",
            "api": "/api/createKindergardenGeneralInfo",
            "parameters": [],
            "fields": "",
            "root": ""
        },
        "edit": {
            "type": "POST",
            "api": "/api/changePassword",
            "parameters": [],
            "fields": "",
            "root": ""
        }
    },
    "config": [
        {
            "type": "label",
            "width": "col-md-12",
            "title": "changePasswordSettings"
        },
        {
            "type": "textbox",
            "width": "col-md-12 hide",
            "class": "e-outline",
            "name": "id",
            "title": "id",
            "field": "id",
            "readonly": true
        },
        {
            "type": "password",
            "width": "col-md-12",
            "class": "e-outline",
            "name": "current_password",
            "title": "currentPassword",
            "field": "current_password"
        },
        {
            "type": "password",
            "width": "col-md-12",
            "class": "e-outline",
            "name": "new_password",
            "title": "newPassword",
            "field": "new_password"
        },
        {
            "type": "password",
            "width": "col-md-12",
            "class": "e-outline",
            "name": "repet_new_password",
            "title": "repeatNewPassword",
            "field": "repet_new_password"
        },
        {
            "type": "button",
            "width": "col-md-12",
            "class": "e-info  button-action",
            "name": "submit",
            "title": "save",
            "field": "submit",
            "positionClass": "position-end mt-3 col-md-12"
        }
    ]
}