{
    "class": "margin-auto width-60",
    "actionButtons": {
        "class": "text-right p-3",
        "simpleButtons": [],
        "dropDownButtons": {
            "content": "Opcije",
            "items": [
                {
                    "text": "Uredi",
                    "id": "edit",
                    "iconCss": "ddb-icons e-edit"
                }
            ]
        },
        "splitButtons": {
            "content": "",
            "items": []
        },
        "rights": [
            "educator"
        ]
    },
    "request": {
        "type": "GET",
        "api": "/api/getEmployeeProfile/",
        "url": [],
        "parameters": [],
        "fields": "",
        "root": ""
    },
    "editSettingsRequest": {
        "edit": {
            "type": "POST",
            "api": "/api/updateEmployeeProfile",
            "parameters": [],
            "fields": "",
            "root": ""
        }
    },
    "config": [
        {
            "type": "textbox",
            "width": "col-md-12 hide",
            "class": "e-outline",
            "name": "id",
            "title": "ID",
            "field": "id",
            "readonly": true
        },
        {
            "type": "textbox",
            "width": "col-md-6",
            "class": "e-outline",
            "name": "firstname",
            "title": "firstname",
            "field": "firstname"
        },
        {
            "type": "textbox",
            "width": "col-md-6",
            "class": "e-outline",
            "name": "lastname",
            "title": "lastname",
            "field": "lastname"
        },
        {
            "type": "radio",
            "width": "col-md-6",
            "class": "e-outline",
            "name": "gender",
            "title": "gender",
            "field": "gender",
            "itemFields": [
                {
                    "title": "man",
                    "value": "man"
                },
                {
                    "title": "woman",
                    "value": "femaly"
                }
            ]
        },
        {
            "type": "datepicker",
            "width": "col-md-6",
            "class": "e-outline",
            "name": "birthday",
            "title": "birthday",
            "field": "birthday",
            "format": "dd.MM.yyyy"
        },
        {
            "type": "textbox",
            "width": "col-md-6",
            "class": "e-outline",
            "name": "birthday_place",
            "title": "birthdayPlace",
            "field": "birthday_place"
        },
        {
            "type": "textbox",
            "width": "col-md-6",
            "class": "e-outline",
            "name": "place_of_living",
            "title": "placeOfLiving",
            "field": "place_of_living"
        },
        {
            "type": "textbox",
            "width": "col-md-12",
            "class": "e-outline",
            "name": "professional_qualifications",
            "title": "professionalQualifications",
            "field": "professional_qualifications"
        },
        {
            "type": "textbox",
            "width": "col-md-6",
            "class": "e-outline",
            "name": "telephone",
            "title": "telephone",
            "field": "telephone"
        },
        {
            "type": "textbox",
            "width": "col-md-6",
            "class": "e-outline",
            "name": "email",
            "title": "email",
            "field": "email"
        },
        {
            "type": "button",
            "width": "col-md-12",
            "class": "e-info  button-action",
            "name": "submit",
            "title": "saveButton",
            "field": "submit",
            "positionClass": "position-end mt-3 col-md-12"
        }
    ]
}