{
    "class": "margin-auto width-60",
    "actionButtons": {
        "class": "text-right p-3",
        "simpleButtons": [],
        "dropDownButtons": {
            "content": "Opcije",
            "items": [
                {
                    "text": "Uredi",
                    "id": "edit",
                    "iconCss": "ddb-icons e-edit"
                }
            ]
        },
        "splitButtons": {
            "content": "",
            "items": []
        },
        "rights": [
            "owner"
        ]
    },
    "request": {
        "type": "GET",
        "api": "/api/getOwnerInfo/",
        "url": [],
        "parameters": [],
        "fields": "",
        "root": ""
    },
    "editSettingsRequest": {
        "edit": {
            "type": "POST",
            "api": "/api/updateOwnerInfo",
            "parameters": [],
            "fields": "",
            "root": ""
        }
    },
    "config": [
        {
            "type": "textbox",
            "width": "col-md-12 hide",
            "class": "e-outline",
            "name": "id",
            "title": "ID",
            "field": "id",
            "readonly": true
        },
        {
            "type": "textbox",
            "width": "col-md-12",
            "class": "e-outline",
            "name": "firstname",
            "title": "firstname",
            "field": "firstname"
        },
        {
            "type": "textbox",
            "width": "col-md-12",
            "class": "e-outline",
            "name": "lastname",
            "title": "lastname",
            "field": "lastname"
        },
        {
            "type": "textbox",
            "width": "col-md-12",
            "class": "e-outline",
            "name": "address",
            "title": "address",
            "field": "address"
        },
        {
            "type": "textbox",
            "width": "col-md-12",
            "class": "e-outline",
            "name": "city",
            "title": "city",
            "field": "city"
        },
        {
            "type": "textbox",
            "width": "col-md-12",
            "class": "e-outline",
            "name": "zip_code",
            "title": "zipCode",
            "field": "zip_code"
        },
        {
            "type": "textbox",
            "width": "col-md-6",
            "class": "e-outline",
            "name": "telephone",
            "title": "telephone",
            "field": "telephone"
        },
        {
            "type": "textbox",
            "width": "col-md-6",
            "class": "e-outline",
            "name": "email",
            "title": "email",
            "field": "email"
        },
        {
            "type": "button",
            "width": "col-md-12",
            "class": "e-info  button-action",
            "name": "submit",
            "title": "saveButton",
            "field": "submit",
            "positionClass": "position-end mt-3 col-md-12"
        }
    ]
}